{
  "title": "Jeff Bezos",
  "photo": {
    "url": "https://i.insider.com/5c6f211726289831ce117cae?width\u003d750\u0026format\u003djpeg\u0026auto\u003dwebp"
  },
  "sections": [
    {
      "title": "Wykształcenie",
      "paragraps": [
        {
          "unorderedList": {
            "itemsList": [
              {
                "content": "2006-2009 Przedszkole im. Królewny Snieżki"
              },
              {
                "content": "2009-2019 ZS2 w Żurominie"
              },
              {
                "content": "2019-2022 Liceum Ogołnokształcące im Stanisława Małachowskiego w Płocku"
              },
              {
                "content": "obecnie AGH"
              }
            ]
          },
          "content2": "My education history:"
        }
      ]
    },
    {
      "title": "Umiejętności",
      "paragraps": [
        {
          "unorderedList": {
            "itemsList": [
              {
                "content": "Języka Angielskiego"
              },
              {
                "content": "Języka Niemieckiego"
              },
              {
                "content": "Języka Ruskiego"
              }
            ]
          },
          "content2": "Kursy"
        }
      ]
    },
    {
      "title": "Umiejętności",
      "paragraps": [
        {
          "unorderedList": {
            "itemsList": [
              {
                "content": "C"
              },
              {
                "content": "C++"
              },
              {
                "content": "Java"
              },
              {
                "content": "Python"
              }
            ]
          },
          "content2": "Znane technologie"
        }
      ]
    },
    {
      "title": "Zainteresowania",
      "paragraps": [
        {
          "unorderedList": {
            "itemsList": [
              {
                "content": "pływanie"
              },
              {
                "content": "dobry film"
              },
              {
                "content": "dobra książka"
              }
            ]
          },
          "content2": "hobby "
        }
      ]
    }
  ]
}